Dataset,R2,MAE,MSE
Training,0.9124062333621079,0.2522835658765085,0.14515909621758774
Test,0.6906215400065019,0.4441273080923531,0.479952242743619
